USE PlumbusDB
SET NOCOUNT ON
GO

--------------------------------
--------Вставка данных----------
--------------------------------
insert into Administrator (username, password) values ('Rick Sanchez', 'jGF2_xEjm_ybt)1');
insert into Administrator (username, password) values ('Morty', '1234qwerty');

insert into Teacher (username, password) values ('htrebble0', 'QcFLCyW9Wb');
insert into Teacher (username, password) values ('ggammidge1', 'ud9Sf2BLKOH');
insert into Teacher (username, password) values ('jcaseborne2', 'vCfcDNTPL');
insert into Teacher (username, password) values ('iburr3', 'h9yJD4wqe');
insert into Teacher (username, password) values ('anuzzi4', 'YArOuQxKrsY');
insert into Teacher (username, password) values ('ckytter5', '3zto2i');
insert into Teacher (username, password) values ('cdowzell6', 'QxSUqQ');
insert into Teacher (username, password) values ('irehorek7', 'LGmUzqlx46v');
insert into Teacher (username, password) values ('hpedrozzi8', '14B1j4H');
insert into Teacher (username, password) values ('goke9', 'FkJzOGQ7Tig0');
insert into Teacher (username, password) values ('keblea', 'jPpkNOI');
insert into Teacher (username, password) values ('tbolderob', 'cwxIcrY');
insert into Teacher (username, password) values ('kfruddc', 'HjKpJCn');
insert into Teacher (username, password) values ('emollond', '6lzCrZ');
insert into Teacher (username, password) values ('mdodse', '6vpFaZVQ5Ww6');
insert into Teacher (username, password) values ('ssharplesf', 'fEbXtg');
insert into Teacher (username, password) values ('ablazynskig', 'nwMMnxwi0E6');
insert into Teacher (username, password) values ('flaylandh', 'fNKUT4zaplU');
insert into Teacher (username, password) values ('gklyni', 'LCl8vcI4x6jJ');
insert into Teacher (username, password) values ('ebenoistj', 'JMGsbb');
insert into Teacher (username, password) values ('etourvillek', 'utLW84eZU');
insert into Teacher (username, password) values ('cbulliventl', 'qaMCVs');
insert into Teacher (username, password) values ('lkarolym', 'A6pbKF8F1');
insert into Teacher (username, password) values ('asheweryn', '0KxtYhfFfJ');
insert into Teacher (username, password) values ('smcanellyeo', 'y5pulR');
insert into Teacher (username, password) values ('rskettlesp', 'DD28BIu8XPcd');
insert into Teacher (username, password) values ('haddionizioq', 'LaSuke');
insert into Teacher (username, password) values ('dpladenr', 'PIwc1x');
insert into Teacher (username, password) values ('ndadds', '4lziXfeRR');
insert into Teacher (username, password) values ('acuffint', 'TqnR374');
insert into Teacher (username, password) values ('cdayshu', 'AIS0Ic');
insert into Teacher (username, password) values ('jgarritv', 'sLFXWTTaH');
insert into Teacher (username, password) values ('crevellw', 'Fgg2QbkKYze');
insert into Teacher (username, password) values ('msagex', '67PyLRtzLJQT');
insert into Teacher (username, password) values ('yterzoy', 'AFrvCwiK');
insert into Teacher (username, password) values ('stippingz', '9w1hc5FFqr');
insert into Teacher (username, password) values ('abrack10', 'T8gfWY');
insert into Teacher (username, password) values ('hethersey11', 'zSUi48oFE1');
insert into Teacher (username, password) values ('dmartensen12', 'NH3e5Um');
insert into Teacher (username, password) values ('mmacbeth13', 'X3OZO2p9');
insert into Teacher (username, password) values ('ahutchings14', 'wD15qYY');
insert into Teacher (username, password) values ('arapier15', 'azut6Bqy4C');
insert into Teacher (username, password) values ('mbahlmann16', 'CioH1Q5h');
insert into Teacher (username, password) values ('hkembley17', 'PiMO3o');
insert into Teacher (username, password) values ('mbumphrey18', 'XnTCh0lD');
insert into Teacher (username, password) values ('ehamshaw19', '3Cz0ron9');
insert into Teacher (username, password) values ('bbrisse1a', 'IEVs1Ut0BM9x');
insert into Teacher (username, password) values ('pwestmorland1b', 'mismToF');
insert into Teacher (username, password) values ('bcunney1c', 'MC1Jwill9rz3');
insert into Teacher (username, password) values ('ldickerson1d', 'wf4SIX25mi6B');
insert into Teacher (username, password) values ('sburr1e', 'SNU57Zlvu70O');
insert into Teacher (username, password) values ('gkepp1f', 'lvXHvtv');
insert into Teacher (username, password) values ('wfarr1g', 'O2Skevq');
insert into Teacher (username, password) values ('apaolazzi1h', 'zWH46P4');
insert into Teacher (username, password) values ('bquadrio1i', '0lV2PvqSTR');
insert into Teacher (username, password) values ('atett1j', '6dYoYtCEA3');
insert into Teacher (username, password) values ('bbrandes1k', 'EVnRDhGmuf');
insert into Teacher (username, password) values ('wsherrin1l', 'eRBkbNVX8JQR');
insert into Teacher (username, password) values ('cstandidge1m', '7gEVHusUH4c');
insert into Teacher (username, password) values ('dorr1n', 'MMi1OuJ7zmF');
insert into Teacher (username, password) values ('evlasyev1o', 'acmicSAGg');
insert into Teacher (username, password) values ('llaurie1p', 'I2cDWWEQ');
insert into Teacher (username, password) values ('dgollin1q', '8V6BX7Gvuz80');
insert into Teacher (username, password) values ('cwhittlesea1r', 'EoWIeneJ4');
insert into Teacher (username, password) values ('jrainy1s', 'TrNQJmppnCa');
insert into Teacher (username, password) values ('drittmeier1t', 'ufKDOAu53');
insert into Teacher (username, password) values ('mandreasson1u', 'cYP8J1QM5z');
insert into Teacher (username, password) values ('adurbridge1v', '5wF5frv');
insert into Teacher (username, password) values ('mbooley1w', 'WmxvyiaX');
insert into Teacher (username, password) values ('rridsdole1x', 'bkbxn5v9azgh');
insert into Teacher (username, password) values ('dmarcinkowski1y', 'TJBxnf');
insert into Teacher (username, password) values ('ccurnnok1z', '9Rk0KT');
insert into Teacher (username, password) values ('kcordelette20', 'Y7euA4');
insert into Teacher (username, password) values ('eaustwick21', 'cX7bgkIP');
insert into Teacher (username, password) values ('rlangstaff22', 'aqfZHC1');
insert into Teacher (username, password) values ('vrobens23', 'mUcBgvZB');
insert into Teacher (username, password) values ('bpigeram24', 'SFwV0Xdb4j');
insert into Teacher (username, password) values ('cbraunds25', 'IGyvaEZumaa0');
insert into Teacher (username, password) values ('mwetton26', 'uWrqTJAiOkjw');
insert into Teacher (username, password) values ('cgardiner27', 'qhb4jmaiOg');
insert into Teacher (username, password) values ('ysoreau28', 'FV02nhj');
insert into Teacher (username, password) values ('lmcjarrow29', 'NTqUcUMu2');
insert into Teacher (username, password) values ('lfifoot2a', 'dmPdhu22HlPI');
insert into Teacher (username, password) values ('aellor2b', 'Ybb3TBT3');
insert into Teacher (username, password) values ('rbriance2c', 'd1lPrmFP4');
insert into Teacher (username, password) values ('tbockings2d', 'TsC1tHTcDguJ');
insert into Teacher (username, password) values ('kadriaan2e', '0Z5YF5N');
insert into Teacher (username, password) values ('ctimothy2f', 'TiS7AU1n5MO');
insert into Teacher (username, password) values ('gwoolatt2g', 'rK8bhVMUF9Z');
insert into Teacher (username, password) values ('vmallabone2h', 'BhsNysb');
insert into Teacher (username, password) values ('tdossett2i', 'VRPUyse');
insert into Teacher (username, password) values ('ajedraszczyk2j', '9lRflf');
insert into Teacher (username, password) values ('lamiable2k', 'Xwss7AhYBZ');
insert into Teacher (username, password) values ('nbonafant2l', 'lubRj5kd');
insert into Teacher (username, password) values ('thowey2m', 'KjO994Ee71l');
insert into Teacher (username, password) values ('rmcconnachie2n', 'bPlFiww');
insert into Teacher (username, password) values ('hcouve2o', '7yw06Maryrz');
insert into Teacher (username, password) values ('kproven2p', 'xQUF9KQ');
insert into Teacher (username, password) values ('oliversley2q', '3kcPbKvG');
insert into Teacher (username, password) values ('jastie2r', 'tCAsxLVdC');

insert into Plant (username, password) values ('cwiddecombe0', 'JeCezk1');
insert into Plant (username, password) values ('rearp1', 'TBFhwOIdarSY');
insert into Plant (username, password) values ('wkalinsky2', 'E17eFmL');
insert into Plant (username, password) values ('sjakubovicz3', '3P09NycA');
insert into Plant (username, password) values ('jflury4', 'vQLMXn');
insert into Plant (username, password) values ('jstogill5', 'qLeqGtOS9i');
insert into Plant (username, password) values ('gaisman6', 'OnjZKy');
insert into Plant (username, password) values ('nlattimer7', '3YU91HeaP');
insert into Plant (username, password) values ('cspeake8', '5iVshl1');
insert into Plant (username, password) values ('amatschuk9', '8xsUBFO');
insert into Plant (username, password) values ('bcurnuckea', 'aKz3KLAY');
insert into Plant (username, password) values ('nplampinb', 'EdTMAri5ng');
insert into Plant (username, password) values ('riddinsc', 'NI9Cduc3Fa');
insert into Plant (username, password) values ('swyssd', 'xX2QthqSy');
insert into Plant (username, password) values ('ibradere', 'XYxKp20gZQ4');
insert into Plant (username, password) values ('rausherf', 'wYKLWINO');
insert into Plant (username, password) values ('tgasking', 'KhTmFXF');
insert into Plant (username, password) values ('clukasikh', 'qBD6R7iDtc');
insert into Plant (username, password) values ('nboutelli', '1hqEdS');
insert into Plant (username, password) values ('ekarranj', 'hRzhsu9');
insert into Plant (username, password) values ('ftatersalek', 'SdbpE3P8vF');
insert into Plant (username, password) values ('elaurancel', 'So0SgqPzaZ');
insert into Plant (username, password) values ('amacgruerm', 'tKO7Vx8LIR');
insert into Plant (username, password) values ('rmccriskenn', '6xiAmn');
insert into Plant (username, password) values ('ageavenyo', 'asoifnSKg');
insert into Plant (username, password) values ('bpocockep', '14nvc0YCHFN');
insert into Plant (username, password) values ('zfontanetq', 'PClc0emLu');
insert into Plant (username, password) values ('ralflatr', 'Aq14IdheRe');
insert into Plant (username, password) values ('fconwells', 'juDkGZ8');
insert into Plant (username, password) values ('cstonet', 'YZHpjke0');
insert into Plant (username, password) values ('rcarrieru', '4yR2GxRft9');
insert into Plant (username, password) values ('kjosupeitv', 'lNtyZSlLDLxo');
insert into Plant (username, password) values ('cslyw', '5R7tsa0WGN');
insert into Plant (username, password) values ('elittrickx', 'XarzKgH');
insert into Plant (username, password) values ('amccormicky', 'nzGo1FEOp');
insert into Plant (username, password) values ('lgravestonz', '66lJth');
insert into Plant (username, password) values ('ahedingham10', 'L48m6yTmzR');
insert into Plant (username, password) values ('echildes11', 'oUHmEAg');
insert into Plant (username, password) values ('mgherardelli12', 'NF6HLvYgE4oA');
insert into Plant (username, password) values ('mmannie13', 'Xl6M7I');
insert into Plant (username, password) values ('dlacroix14', 'cpptC81P6');
insert into Plant (username, password) values ('mkits15', '1dJWJxZc');
insert into Plant (username, password) values ('tdurrans16', 'uJzxr5cQV73');
insert into Plant (username, password) values ('cgotter17', 'FxL03AO');
insert into Plant (username, password) values ('estagge18', 'CtqO8l');
insert into Plant (username, password) values ('blaminman19', '5dmxL5FsQ8ev');
insert into Plant (username, password) values ('zvelten1a', 'yOOEHYlZX3');
insert into Plant (username, password) values ('clowater1b', 'lMcmeq7');
insert into Plant (username, password) values ('aspoors1c', 'fZB3mDzZ2LlV');
insert into Plant (username, password) values ('gcoffee1d', 'hSDymPO9');
insert into Plant (username, password) values ('dmerle1e', 'btq3Bb7T');
insert into Plant (username, password) values ('emcknish1f', 'ENS8Mxd');
insert into Plant (username, password) values ('vfurmedge1g', 'tzj4nvaMXv');
insert into Plant (username, password) values ('bjoderli1h', 'AIoXXKqpz');
insert into Plant (username, password) values ('rverna1i', '1S7BOJt6dkNa');
insert into Plant (username, password) values ('dbalhatchet1j', 'kZdvrt7XjN');
insert into Plant (username, password) values ('mletterick1k', 'Ue5SJmkx2A');
insert into Plant (username, password) values ('pgai1l', 'UNcQzCQrzl7');
insert into Plant (username, password) values ('tdeviney1m', 'D4YfYN0Vxv');
insert into Plant (username, password) values ('ccoslett1n', 'CUptYm4Pt7f');
insert into Plant (username, password) values ('agawthrope1o', 'siVv27B3UD');
insert into Plant (username, password) values ('lscoggan1p', 'A8f2iAeZp');
insert into Plant (username, password) values ('tkayes1q', 'Ykx5OeucV0');
insert into Plant (username, password) values ('cshilstone1r', 'TVhbOmW');
insert into Plant (username, password) values ('rolohan1s', 'nmL1Sc2');
insert into Plant (username, password) values ('wstock1t', 'aIMUno');
insert into Plant (username, password) values ('tnaish1u', 'CFnMs8zBdX');
insert into Plant (username, password) values ('rchristophe1v', 'CQZGA2dKDd');
insert into Plant (username, password) values ('wmaben1w', 'vhlYQgZQ');
insert into Plant (username, password) values ('kakester1x', 'DUiIHlSoMLn');
insert into Plant (username, password) values ('adavies1y', 't6tqfKS2');
insert into Plant (username, password) values ('gmaccoveney1z', 'Fy4IEZTXnh');
insert into Plant (username, password) values ('hburnell20', 's53OowkWpR');
insert into Plant (username, password) values ('jciric21', 'xjxEycjKMBO');
insert into Plant (username, password) values ('mbednall22', 'ZS2UYYZ1');
insert into Plant (username, password) values ('spods23', 'qL48G4gpnJ');
insert into Plant (username, password) values ('acaulket24', 'Rt9HGHQB3o');
insert into Plant (username, password) values ('cduplain25', 'l4NZ7o6RwTc');
insert into Plant (username, password) values ('akordes26', 'qBnP3duOBdc');
insert into Plant (username, password) values ('myvon27', 'G8WvrAOQnsC');
insert into Plant (username, password) values ('mmccome28', 'zfedzD');
insert into Plant (username, password) values ('resberger29', '8luzYfbmhr');
insert into Plant (username, password) values ('asherman2a', 'nzMq21');
insert into Plant (username, password) values ('rfrazer2b', 'tAvqTMUX9');
insert into Plant (username, password) values ('cbuffey2c', 'ZxrclwLFHI');
insert into Plant (username, password) values ('bmcmechan2d', 'OXyQ7sE');
insert into Plant (username, password) values ('bleadbetter2e', 'Q6vRH1i7aK1');
insert into Plant (username, password) values ('bgravy2f', '3EA69XO');
insert into Plant (username, password) values ('lurwin2g', '99Lb2WJ');
insert into Plant (username, password) values ('cnayshe2h', 'obviLWtwVLP');
insert into Plant (username, password) values ('mmitchelhill2i', 'iY5KQ5Mve9VA');
insert into Plant (username, password) values ('ndelcastel2j', 'EHwNmIu4');
insert into Plant (username, password) values ('bbaynton2k', 'joRWyc');
insert into Plant (username, password) values ('tgormley2l', 'IbqsWabYg');
insert into Plant (username, password) values ('tfenimore2m', '1cp0jv');
insert into Plant (username, password) values ('candras2n', 'U8cd89tFjk');
insert into Plant (username, password) values ('jganing2o', 'tSP3zSyqgwk');
insert into Plant (username, password) values ('cgibbonson2p', 'fZZQEDg');
insert into Plant (username, password) values ('clanning2q', 'uG05jd4dTOa');
insert into Plant (username, password) values ('cellingworth2r', 'okQecXR3k');

insert into Homework (description) values ('Eucalyptus');
insert into Homework (description) values ('Doxycycline Hyclate');
insert into Homework (description) values ('passalora fulva');
insert into Homework (description) values ('Helminthosporium');
insert into Homework (description) values ('Mouse Epithelium');
insert into Homework (description) values ('Ranitidine');
insert into Homework (description) values ('Cocoa butter, Phenylephrine HCl, Shark liver oil');
insert into Homework (description) values ('sodium chloride');
insert into Homework (description) values ('Metformin Hydrochloride');
insert into Homework (description) values ('Acetaminophen, Aspirin, and Caffeine');
insert into Homework (description) values ('Ranitidine');
insert into Homework (description) values ('nystatin');
insert into Homework (description) values ('Ferrum sidereum Sulfur');
insert into Homework (description) values ('Tag Alder');
insert into Homework (description) values ('Dextromethorphan Hydrobromide / Guaifenesin');
insert into Homework (description) values ('CEFOTAXIME');
insert into Homework (description) values ('Aluminum Zirconium Tetrachlorohydrex GLY');
insert into Homework (description) values ('ETHYLHEXYL METHOXYCINNAMATE, Zinc Oxide, Ethylhexy Salicate, TITANUIM DIOXIDE, Bis-ethylhexyloxyphenol methoxyphenyl triazine');
insert into Homework (description) values ('TIROFIBAN');
insert into Homework (description) values ('Oxycodone Hydrochloride');
insert into Homework (description) values ('ibuprofen');
insert into Homework (description) values ('CALCIUM CITRATE, CALCIUM CARBONATE, POTASSIUM IODIDE, MAGNESIUM CITRATE, ZINC CITRATE, COPPER GLUCONATE, and FERROUS FUMARATE');
insert into Homework (description) values ('Aceticum Ac, Anacard Or, Baryta Iod, Calc Carb, Capsicum, Fucus, Graphites,, Nat Sulphuricum, Phytolacca, Stannum Met, Thyroidinum, Zinc Met.');
insert into Homework (description) values ('CANDIDA ALBICANS');
insert into Homework (description) values ('Ragweed Slender');
insert into Homework (description) values ('IMIPENEM and CILASTATIN SODIUM');
insert into Homework (description) values ('ALUMINUM ZIRCONIUM TETRACHLOROHYDREX GLY');
insert into Homework (description) values ('oseltamivir phosphate');
insert into Homework (description) values ('Alcohol');
insert into Homework (description) values ('MENTHOL');
insert into Homework (description) values ('UNDECYLENIC ACID');
insert into Homework (description) values ('olmesartan medoxomil and hydrochlorothiazide');
insert into Homework (description) values ('Octinoxate');
insert into Homework (description) values ('vigabatrin');
insert into Homework (description) values ('Ondansetron');
insert into Homework (description) values ('Cisplatin');
insert into Homework (description) values ('DIGOXIN');
insert into Homework (description) values ('Lidocaine Hydrochloride');
insert into Homework (description) values ('Nicotine Polacrilex');
insert into Homework (description) values ('Fluocinonide');
insert into Homework (description) values ('APIS MELLIFICA');
insert into Homework (description) values ('Cetirizine HCl, Pseudoephedrine HCl');
insert into Homework (description) values ('OCTINOXATE');
insert into Homework (description) values ('Phenol');
insert into Homework (description) values ('Salicylic Acid');
insert into Homework (description) values ('Warfarin Sodium');
insert into Homework (description) values ('doxycycline hyclate');
insert into Homework (description) values ('Tolnaftate');
insert into Homework (description) values ('dexamethasone');
insert into Homework (description) values ('Lansoprazole');
insert into Homework (description) values ('Chlophedianol HCL, Chlorpheniramine Maleate and Phenylephrine HCl');
insert into Homework (description) values ('Tramadol Hydrochloride');
insert into Homework (description) values ('Phenylephrine HCl');
insert into Homework (description) values ('Alcohol');
insert into Homework (description) values ('ALCOHOL');
insert into Homework (description) values ('sodium fluoride');
insert into Homework (description) values ('METFORMIN HYDROCHLORIDE');
insert into Homework (description) values ('abacavir sulfate');
insert into Homework (description) values ('Epicoccum nigrum');
insert into Homework (description) values ('Acetaminophen and Diphenhydramine HCl');
insert into Homework (description) values ('SALICYLIC ACID');
insert into Homework (description) values ('DOG EPITHELIA');
insert into Homework (description) values ('Amoxicillin');
insert into Homework (description) values ('Triticum Cerebri');
insert into Homework (description) values ('cisatracurium besylate');
insert into Homework (description) values ('Nabumetone');
insert into Homework (description) values ('Tag Alder');
insert into Homework (description) values ('Cetirizine Hydrochloride');
insert into Homework (description) values ('Ibuprofen');
insert into Homework (description) values ('Acetaminophen, Dextromethorphan Hydrobromide, Phenylephrine Hydrochloride');
insert into Homework (description) values ('Trazodone Hydrochloride');
insert into Homework (description) values ('Avobenzone, Homosalate, Octisalate, Octocrylene, and Oxybenzone');
insert into Homework (description) values ('folltropin alfa');
insert into Homework (description) values ('Acetaminophen');
insert into Homework (description) values ('Codeine Phosphate, Pseudoephedrine Hydrochloride, Pyrilamine Maleate');
insert into Homework (description) values ('Aspirin');
insert into Homework (description) values ('Levocetirizine dihydrochloride');
insert into Homework (description) values ('Escitalopram');
insert into Homework (description) values ('HYDROCODONE BITARTRATE AND ACETAMINOPHEN');
insert into Homework (description) values ('MENTHOL');
insert into Homework (description) values ('Cacao Bean');
insert into Homework (description) values ('menthol');
insert into Homework (description) values ('Metronidazole');
insert into Homework (description) values ('Acetaminophen');
insert into Homework (description) values ('Octinoxate and Oxybenzone');
insert into Homework (description) values ('Penicilium chrysogenum');
insert into Homework (description) values ('Sodium fluoride');
insert into Homework (description) values ('PredniSONE');
insert into Homework (description) values ('desvenlafaxine');
insert into Homework (description) values ('Magesium Citrate');
insert into Homework (description) values ('Pyrilamine Maleate and Phenylephrine Hydrochloride');
insert into Homework (description) values ('Allantoin');
insert into Homework (description) values ('LOVASTATIN');
insert into Homework (description) values ('Wheat Stem Rust');
insert into Homework (description) values ('Titanium Dioxide and Octinoxate');
insert into Homework (description) values ('Acetaminophen, Dextromethorphan HBr, Guaifenesin, Phenylephrine HCl');
insert into Homework (description) values ('Octinoxate and Titanium Dioxide');
insert into Homework (description) values ('Fluconazole');
insert into Homework (description) values ('Triamcinolone Acetonide');
insert into Homework (description) values ('Argentum Metallicum');

insert into Employee (names) values ('Cecily');
insert into Employee (names) values ('Malena');
insert into Employee (names) values ('Liuka');
insert into Employee (names) values ('Hedi');
insert into Employee (names) values ('Waylon');
insert into Employee (names) values ('Corilla');
insert into Employee (names) values ('Leilah');
insert into Employee (names) values ('Othella');
insert into Employee (names) values ('Fremont');
insert into Employee (names) values ('Cyrille');
insert into Employee (names) values ('Humfrey');
insert into Employee (names) values ('Salvatore');
insert into Employee (names) values ('Bernadine');
insert into Employee (names) values ('Shaylyn');
insert into Employee (names) values ('Leonidas');
insert into Employee (names) values ('Ave');
insert into Employee (names) values ('Gertrude');
insert into Employee (names) values ('Deloris');
insert into Employee (names) values ('Dulcine');
insert into Employee (names) values ('Chancey');
insert into Employee (names) values ('Shoshanna');
insert into Employee (names) values ('Artemis');
insert into Employee (names) values ('Baudoin');
insert into Employee (names) values ('Doloritas');
insert into Employee (names) values ('Marcy');
insert into Employee (names) values ('Ogden');
insert into Employee (names) values ('Selma');
insert into Employee (names) values ('Nelle');
insert into Employee (names) values ('Tuck');
insert into Employee (names) values ('Jodie');
insert into Employee (names) values ('Nydia');
insert into Employee (names) values ('Ansley');
insert into Employee (names) values ('Kellsie');
insert into Employee (names) values ('Arnaldo');
insert into Employee (names) values ('Ber');
insert into Employee (names) values ('Brooke');
insert into Employee (names) values ('Helenka');
insert into Employee (names) values ('Monika');
insert into Employee (names) values ('Adi');
insert into Employee (names) values ('Darryl');
insert into Employee (names) values ('Giraldo');
insert into Employee (names) values ('Gloriana');
insert into Employee (names) values ('Eddy');
insert into Employee (names) values ('Candy');
insert into Employee (names) values ('Towney');
insert into Employee (names) values ('Annabelle');
insert into Employee (names) values ('Timmy');
insert into Employee (names) values ('Rickard');
insert into Employee (names) values ('Delmor');
insert into Employee (names) values ('Neils');
insert into Employee (names) values ('Luce');
insert into Employee (names) values ('Tommi');
insert into Employee (names) values ('Nell');
insert into Employee (names) values ('Florri');
insert into Employee (names) values ('Tamar');
insert into Employee (names) values ('Ronny');
insert into Employee (names) values ('Melva');
insert into Employee (names) values ('Duke');
insert into Employee (names) values ('Romona');
insert into Employee (names) values ('Jamesy');
insert into Employee (names) values ('Windy');
insert into Employee (names) values ('Jammie');
insert into Employee (names) values ('Gaelan');
insert into Employee (names) values ('Jackquelin');
insert into Employee (names) values ('Theresita');
insert into Employee (names) values ('Joice');
insert into Employee (names) values ('Michail');
insert into Employee (names) values ('Matthaeus');
insert into Employee (names) values ('Erminie');
insert into Employee (names) values ('Gilburt');
insert into Employee (names) values ('Garvey');
insert into Employee (names) values ('Elsy');
insert into Employee (names) values ('Laura');
insert into Employee (names) values ('Shaun');
insert into Employee (names) values ('Riccardo');
insert into Employee (names) values ('Rockwell');
insert into Employee (names) values ('Claire');
insert into Employee (names) values ('Laryssa');
insert into Employee (names) values ('Myrvyn');
insert into Employee (names) values ('Laird');
insert into Employee (names) values ('Yolane');
insert into Employee (names) values ('Padraig');
insert into Employee (names) values ('Raddie');
insert into Employee (names) values ('Neila');
insert into Employee (names) values ('Roy');
insert into Employee (names) values ('Fleurette');
insert into Employee (names) values ('Calla');
insert into Employee (names) values ('Dyanna');
insert into Employee (names) values ('Mile');
insert into Employee (names) values ('Leonerd');
insert into Employee (names) values ('June');
insert into Employee (names) values ('Calhoun');
insert into Employee (names) values ('Kippy');
insert into Employee (names) values ('Briney');
insert into Employee (names) values ('Roshelle');
insert into Employee (names) values ('Gerik');
insert into Employee (names) values ('Alanson');
insert into Employee (names) values ('Marcelle');
insert into Employee (names) values ('Benedick');
insert into Employee (names) values ('Hermann');

insert into Plumbus (reject, creator) values (0, 50);
insert into Plumbus (reject, creator) values (0, 1);
insert into Plumbus (reject, creator) values (0, 23);
insert into Plumbus (reject, creator) values (1, 48);
insert into Plumbus (reject, creator) values (0, 48);
insert into Plumbus (reject, creator) values (0, 75);
insert into Plumbus (reject, creator) values (0, 81);
insert into Plumbus (reject, creator) values (0, 81);
insert into Plumbus (reject, creator) values (1, 99);
insert into Plumbus (reject, creator) values (1, 73);
insert into Plumbus (reject, creator) values (0, 26);
insert into Plumbus (reject, creator) values (0, 93);
insert into Plumbus (reject, creator) values (0, 17);
insert into Plumbus (reject, creator) values (1, 60);
insert into Plumbus (reject, creator) values (1, 50);
insert into Plumbus (reject, creator) values (1, 11);
insert into Plumbus (reject, creator) values (1, 50);
insert into Plumbus (reject, creator) values (1, 93);
insert into Plumbus (reject, creator) values (0, 47);
insert into Plumbus (reject, creator) values (0, 43);
insert into Plumbus (reject, creator) values (0, 75);
insert into Plumbus (reject, creator) values (0, 34);
insert into Plumbus (reject, creator) values (1, 6);
insert into Plumbus (reject, creator) values (1, 1);
insert into Plumbus (reject, creator) values (0, 24);
insert into Plumbus (reject, creator) values (0, 82);
insert into Plumbus (reject, creator) values (1, 37);
insert into Plumbus (reject, creator) values (0, 26);
insert into Plumbus (reject, creator) values (0, 37);
insert into Plumbus (reject, creator) values (1, 17);
insert into Plumbus (reject, creator) values (1, 69);
insert into Plumbus (reject, creator) values (1, 61);
insert into Plumbus (reject, creator) values (0, 74);
insert into Plumbus (reject, creator) values (0, 2);
insert into Plumbus (reject, creator) values (1, 7);
insert into Plumbus (reject, creator) values (0, 89);
insert into Plumbus (reject, creator) values (1, 78);
insert into Plumbus (reject, creator) values (0, 63);
insert into Plumbus (reject, creator) values (0, 40);
insert into Plumbus (reject, creator) values (1, 91);
insert into Plumbus (reject, creator) values (1, 3);
insert into Plumbus (reject, creator) values (0, 55);
insert into Plumbus (reject, creator) values (0, 65);
insert into Plumbus (reject, creator) values (1, 28);
insert into Plumbus (reject, creator) values (1, 96);
insert into Plumbus (reject, creator) values (0, 62);
insert into Plumbus (reject, creator) values (1, 8);
insert into Plumbus (reject, creator) values (0, 5);
insert into Plumbus (reject, creator) values (1, 58);
insert into Plumbus (reject, creator) values (0, 23);
insert into Plumbus (reject, creator) values (0, 45);
insert into Plumbus (reject, creator) values (1, 58);
insert into Plumbus (reject, creator) values (1, 99);
insert into Plumbus (reject, creator) values (1, 53);
insert into Plumbus (reject, creator) values (1, 41);
insert into Plumbus (reject, creator) values (0, 16);
insert into Plumbus (reject, creator) values (1, 89);
insert into Plumbus (reject, creator) values (1, 2);
insert into Plumbus (reject, creator) values (1, 20);
insert into Plumbus (reject, creator) values (0, 25);
insert into Plumbus (reject, creator) values (1, 30);
insert into Plumbus (reject, creator) values (0, 51);
insert into Plumbus (reject, creator) values (1, 23);
insert into Plumbus (reject, creator) values (1, 83);
insert into Plumbus (reject, creator) values (1, 81);
insert into Plumbus (reject, creator) values (0, 91);
insert into Plumbus (reject, creator) values (1, 96);
insert into Plumbus (reject, creator) values (1, 66);
insert into Plumbus (reject, creator) values (0, 57);
insert into Plumbus (reject, creator) values (1, 91);
insert into Plumbus (reject, creator) values (0, 90);
insert into Plumbus (reject, creator) values (1, 74);
insert into Plumbus (reject, creator) values (0, 67);
insert into Plumbus (reject, creator) values (0, 50);
insert into Plumbus (reject, creator) values (1, 14);
insert into Plumbus (reject, creator) values (0, 65);
insert into Plumbus (reject, creator) values (0, 54);
insert into Plumbus (reject, creator) values (0, 67);
insert into Plumbus (reject, creator) values (0, 2);
insert into Plumbus (reject, creator) values (1, 56);
insert into Plumbus (reject, creator) values (1, 21);
insert into Plumbus (reject, creator) values (0, 84);
insert into Plumbus (reject, creator) values (0, 54);
insert into Plumbus (reject, creator) values (0, 37);
insert into Plumbus (reject, creator) values (1, 87);
insert into Plumbus (reject, creator) values (1, 6);
insert into Plumbus (reject, creator) values (1, 60);
insert into Plumbus (reject, creator) values (1, 12);
insert into Plumbus (reject, creator) values (1, 2);
insert into Plumbus (reject, creator) values (0, 13);
insert into Plumbus (reject, creator) values (1, 45);
insert into Plumbus (reject, creator) values (1, 75);
insert into Plumbus (reject, creator) values (0, 90);
insert into Plumbus (reject, creator) values (1, 28);
insert into Plumbus (reject, creator) values (1, 59);
insert into Plumbus (reject, creator) values (1, 77);
insert into Plumbus (reject, creator) values (1, 4);
insert into Plumbus (reject, creator) values (1, 96);
insert into Plumbus (reject, creator) values (0, 81);
insert into Plumbus (reject, creator) values (0, 80);

insert into PupilGroup (creation_date) values ('08/06/2020');
insert into PupilGroup (creation_date) values ('15/07/2019');
insert into PupilGroup (creation_date) values ('10/06/2017');
insert into PupilGroup (creation_date) values ('27/10/2021');
insert into PupilGroup (creation_date) values ('04/04/2019');

insert into Pupil (username, password, pupil_group) values ('dgrahl0', 'hE7o3C4', 5);
insert into Pupil (username, password, pupil_group) values ('tmcfarlane1', '2D6I2g', 4);
insert into Pupil (username, password, pupil_group) values ('rseggie2', 'NX64QYk', 3);
insert into Pupil (username, password, pupil_group) values ('lluckie3', 'TvrKHZ', 2);
insert into Pupil (username, password, pupil_group) values ('cmccolm4', 'HsJR5t7Q', 4);
insert into Pupil (username, password, pupil_group) values ('icornwall5', '1WFzjnv', 4);
insert into Pupil (username, password, pupil_group) values ('rraiment6', 'YyFQEpYpJP43', 2);
insert into Pupil (username, password, pupil_group) values ('efawkes7', 'WbAIdkR0iICl', 1);
insert into Pupil (username, password, pupil_group) values ('kbeckingham8', 'B8OfixDmjUf', 1);
insert into Pupil (username, password, pupil_group) values ('tmarre9', 'Pq4dB4OHI7l', 3);
insert into Pupil (username, password, pupil_group) values ('akubacha', 'JyDAmYp5pp', 4);
insert into Pupil (username, password, pupil_group) values ('tdecruceb', '7l3ZrP5vm', 4);
insert into Pupil (username, password, pupil_group) values ('scallardc', 'uZQVYV', 2);
insert into Pupil (username, password, pupil_group) values ('tlawried', 'qJGAnzq', 3);
insert into Pupil (username, password, pupil_group) values ('peaddye', 'jssomN4hy', 5);
insert into Pupil (username, password, pupil_group) values ('imughalf', 'ktUmEsHZdHT', 2);
insert into Pupil (username, password, pupil_group) values ('gharpg', '8AbkHo44C', 4);
insert into Pupil (username, password, pupil_group) values ('latwillh', 'joWYzXTzCAu1', 1);
insert into Pupil (username, password, pupil_group) values ('kblinermani', 'SkqU6IQ5feu', 5);
insert into Pupil (username, password, pupil_group) values ('mgreengrassj', '98sWmXI53baY', 2);
insert into Pupil (username, password, pupil_group) values ('isivierk', 'IThmKO8', 4);
insert into Pupil (username, password, pupil_group) values ('sclandillonl', '34ZbDrvGS', 1);
insert into Pupil (username, password, pupil_group) values ('bdablingm', 'sDiHws4YzSX', 1);
insert into Pupil (username, password, pupil_group) values ('odeathn', 'r4OJnd4K', 1);
insert into Pupil (username, password, pupil_group) values ('gcobbingo', 'Mm198Y4tAQ', 4);
insert into Pupil (username, password, pupil_group) values ('lmarczykp', 'kv4N6YILoV', 3);
insert into Pupil (username, password, pupil_group) values ('jkymeq', 'esWak0Q9T6J', 4);
insert into Pupil (username, password, pupil_group) values ('cmagillr', 'HKNeSOF', 2);
insert into Pupil (username, password, pupil_group) values ('hhalvosens', 'gctZxc', 1);
insert into Pupil (username, password, pupil_group) values ('yjerischt', 'TYfBTdnRi', 4);
insert into Pupil (username, password, pupil_group) values ('bgreenstreetu', 'CxqKT21', 1);
insert into Pupil (username, password, pupil_group) values ('smaultbyv', 'fJ4Kq0j1', 1);
insert into Pupil (username, password, pupil_group) values ('dfrapew', 'ASOHxuZ', 2);
insert into Pupil (username, password, pupil_group) values ('mderrettx', 'fCRxsRzI4', 2);
insert into Pupil (username, password, pupil_group) values ('amustony', 'u3t5sWpMax', 2);
insert into Pupil (username, password, pupil_group) values ('kgrewez', 'iyw1NxQ', 4);
insert into Pupil (username, password, pupil_group) values ('sthreadgould10', 'EBoXubGI9qs', 1);
insert into Pupil (username, password, pupil_group) values ('grookledge11', 'ZnDY7jmK', 1);
insert into Pupil (username, password, pupil_group) values ('afelton12', 'kdmlWXlyf', 1);
insert into Pupil (username, password, pupil_group) values ('lharkins13', 'gsG1Azh56T', 4);
insert into Pupil (username, password, pupil_group) values ('mheistermann14', '5CHjAqrjeVOb', 3);
insert into Pupil (username, password, pupil_group) values ('ztrowell15', 'xJfHT7tsCaQ', 4);
insert into Pupil (username, password, pupil_group) values ('ecrudge16', 'NzGupWs3cX', 2);
insert into Pupil (username, password, pupil_group) values ('mwhyman17', 'Y1hoDMlvp', 1);
insert into Pupil (username, password, pupil_group) values ('acuchey18', 'r10iy16h', 5);
insert into Pupil (username, password, pupil_group) values ('eswynfen19', 'fIjZZOHgf', 4);
insert into Pupil (username, password, pupil_group) values ('rackerley1a', '3I0C961NlQ', 1);
insert into Pupil (username, password, pupil_group) values ('mruilton1b', '4ey2a4cnx', 4);
insert into Pupil (username, password, pupil_group) values ('mnevitt1c', 'yy5dgrG7h4pH', 2);
insert into Pupil (username, password, pupil_group) values ('bvirgin1d', 'vtdC9n', 5);
insert into Pupil (username, password, pupil_group) values ('kwillmot1e', '1iS64fHdSFOD', 5);
insert into Pupil (username, password, pupil_group) values ('moswal1f', 'ucQe8vd', 5);
insert into Pupil (username, password, pupil_group) values ('chutchason1g', 'wb3kaCqst0Xg', 3);
insert into Pupil (username, password, pupil_group) values ('nbride1h', 'RLWffbglNvf', 3);
insert into Pupil (username, password, pupil_group) values ('gmacandie1i', 'bVi4SGV', 3);
insert into Pupil (username, password, pupil_group) values ('lsuthren1j', 'n95YbVcU6Ow', 2);
insert into Pupil (username, password, pupil_group) values ('bposten1k', 'qfMehBj9OThd', 5);
insert into Pupil (username, password, pupil_group) values ('rscrace1l', 'm9NATTVVhQ', 2);
insert into Pupil (username, password, pupil_group) values ('mmcquirk1m', 'dppeeG', 4);
insert into Pupil (username, password, pupil_group) values ('mmorcombe1n', 'WB01lOAcxa', 4);
insert into Pupil (username, password, pupil_group) values ('estarkey1o', 'dWdqvVKOqqg5', 1);
insert into Pupil (username, password, pupil_group) values ('ktrighton1p', 'xdUmsK', 2);
insert into Pupil (username, password, pupil_group) values ('mlynagh1q', 'I9eBkSw49WWd', 4);
insert into Pupil (username, password, pupil_group) values ('cgovinlock1r', '8ks9cO', 2);
insert into Pupil (username, password, pupil_group) values ('amatthius1s', 'QtXeaBmg7', 2);
insert into Pupil (username, password, pupil_group) values ('bmulroy1t', 'zb8ubt', 1);
insert into Pupil (username, password, pupil_group) values ('hdandrea1u', 'f6IgYdieGUJ', 2);
insert into Pupil (username, password, pupil_group) values ('sbooeln1v', 'El5TILziY', 1);
insert into Pupil (username, password, pupil_group) values ('adeldello1w', '3efIq3q', 3);
insert into Pupil (username, password, pupil_group) values ('rdyte1x', 'MAYjpXXuS', 1);
insert into Pupil (username, password, pupil_group) values ('hwardhough1y', 'abM8297Qi', 1);
insert into Pupil (username, password, pupil_group) values ('jcardus1z', 'i4j0tuQDvk', 2);
insert into Pupil (username, password, pupil_group) values ('meadington20', 'I5pa0a1V3', 1);
insert into Pupil (username, password, pupil_group) values ('ablance21', 'MAPFri1QPHq', 4);
insert into Pupil (username, password, pupil_group) values ('ecrockley22', 'qTEEaLSbjdew', 2);
insert into Pupil (username, password, pupil_group) values ('ladney23', '9MgRyKr6oI', 5);
insert into Pupil (username, password, pupil_group) values ('gchese24', 'Jw6Hkog', 3);
insert into Pupil (username, password, pupil_group) values ('jsalzburger25', 'un1uEBWLi', 5);
insert into Pupil (username, password, pupil_group) values ('cleyfield26', 'yTO2SdrqJ', 4);
insert into Pupil (username, password, pupil_group) values ('bmossom27', '4MFm9P', 5);
insert into Pupil (username, password, pupil_group) values ('rseaward28', '0MkH88jfOPd', 3);
insert into Pupil (username, password, pupil_group) values ('mioannidis29', 'dI2jBuOaNK', 2);
insert into Pupil (username, password, pupil_group) values ('mcrosscombe2a', 'dsy4EuXP7cII', 2);
insert into Pupil (username, password, pupil_group) values ('dbraithwaite2b', 'tZYr6Q', 5);
insert into Pupil (username, password, pupil_group) values ('mpietz2c', 'Yn9zA5ey', 4);
insert into Pupil (username, password, pupil_group) values ('sorteau2d', 'h7oEhtXbaw', 2);
insert into Pupil (username, password, pupil_group) values ('cfabler2e', 'PcTnz72gpt', 5);
insert into Pupil (username, password, pupil_group) values ('bruggiero2f', 'IKKR0h3JEg3w', 1);
insert into Pupil (username, password, pupil_group) values ('rvermer2g', '45eBh8OIWO5', 4);
insert into Pupil (username, password, pupil_group) values ('fpeverell2h', 'egGmuP8tiMwp', 5);
insert into Pupil (username, password, pupil_group) values ('dgrevile2i', '6SnNE6S', 2);
insert into Pupil (username, password, pupil_group) values ('mmendez2j', 'tOEq1cAT', 1);
insert into Pupil (username, password, pupil_group) values ('mlamboll2k', 'qL5x01LAnj', 1);
insert into Pupil (username, password, pupil_group) values ('rspillard2l', 'ALq0ZX', 5);
insert into Pupil (username, password, pupil_group) values ('kgoodricke2m', 'jWTHUqEh8K', 4);
insert into Pupil (username, password, pupil_group) values ('kdohms2n', 'zuEQdlLD', 3);
insert into Pupil (username, password, pupil_group) values ('hmerdew2o', 'sGZbX0Oi', 2);
insert into Pupil (username, password, pupil_group) values ('awolfe2p', 'tuOwsu40psZT', 3);
insert into Pupil (username, password, pupil_group) values ('ecolliss2q', 'fMfEZdAzTdd', 4);
insert into Pupil (username, password, pupil_group) values ('aswyndley2r', '6uJbEq7', 1);

insert into Mark (mark) values (2);
insert into Mark (mark) values (3);
insert into Mark (mark) values (4);
insert into Mark (mark) values (5);

insert into PupilMark (id_mark, id_pupil) values (1, 89);
insert into PupilMark (id_mark, id_pupil) values (1, 84);
insert into PupilMark (id_mark, id_pupil) values (2, 30);
insert into PupilMark (id_mark, id_pupil) values (4, 12);
insert into PupilMark (id_mark, id_pupil) values (3, 68);
insert into PupilMark (id_mark, id_pupil) values (4, 56);
insert into PupilMark (id_mark, id_pupil) values (1, 86);
insert into PupilMark (id_mark, id_pupil) values (1, 27);
insert into PupilMark (id_mark, id_pupil) values (2, 96);
insert into PupilMark (id_mark, id_pupil) values (3, 35);
insert into PupilMark (id_mark, id_pupil) values (2, 52);
insert into PupilMark (id_mark, id_pupil) values (1, 67);
insert into PupilMark (id_mark, id_pupil) values (3, 70);
insert into PupilMark (id_mark, id_pupil) values (4, 58);
insert into PupilMark (id_mark, id_pupil) values (4, 68);
insert into PupilMark (id_mark, id_pupil) values (2, 66);
insert into PupilMark (id_mark, id_pupil) values (3, 47);
insert into PupilMark (id_mark, id_pupil) values (2, 60);
insert into PupilMark (id_mark, id_pupil) values (1, 58);
insert into PupilMark (id_mark, id_pupil) values (1, 79);
insert into PupilMark (id_mark, id_pupil) values (3, 98);
insert into PupilMark (id_mark, id_pupil) values (3, 74);
insert into PupilMark (id_mark, id_pupil) values (2, 90);
insert into PupilMark (id_mark, id_pupil) values (4, 27);
insert into PupilMark (id_mark, id_pupil) values (3, 4);
insert into PupilMark (id_mark, id_pupil) values (1, 25);
insert into PupilMark (id_mark, id_pupil) values (4, 51);
insert into PupilMark (id_mark, id_pupil) values (3, 40);
insert into PupilMark (id_mark, id_pupil) values (3, 69);
insert into PupilMark (id_mark, id_pupil) values (4, 47);
insert into PupilMark (id_mark, id_pupil) values (3, 12);
insert into PupilMark (id_mark, id_pupil) values (2, 20);
insert into PupilMark (id_mark, id_pupil) values (2, 62);
insert into PupilMark (id_mark, id_pupil) values (1, 100);
insert into PupilMark (id_mark, id_pupil) values (4, 60);
insert into PupilMark (id_mark, id_pupil) values (1, 44);
insert into PupilMark (id_mark, id_pupil) values (1, 51);
insert into PupilMark (id_mark, id_pupil) values (3, 94);
insert into PupilMark (id_mark, id_pupil) values (3, 87);
insert into PupilMark (id_mark, id_pupil) values (2, 44);
insert into PupilMark (id_mark, id_pupil) values (1, 47);
insert into PupilMark (id_mark, id_pupil) values (3, 94);
insert into PupilMark (id_mark, id_pupil) values (4, 15);
insert into PupilMark (id_mark, id_pupil) values (4, 90);
insert into PupilMark (id_mark, id_pupil) values (2, 80);
insert into PupilMark (id_mark, id_pupil) values (2, 82);
insert into PupilMark (id_mark, id_pupil) values (4, 1);
insert into PupilMark (id_mark, id_pupil) values (4, 56);
insert into PupilMark (id_mark, id_pupil) values (2, 95);
insert into PupilMark (id_mark, id_pupil) values (4, 5);
insert into PupilMark (id_mark, id_pupil) values (1, 53);
insert into PupilMark (id_mark, id_pupil) values (2, 13);
insert into PupilMark (id_mark, id_pupil) values (1, 35);
insert into PupilMark (id_mark, id_pupil) values (1, 27);
insert into PupilMark (id_mark, id_pupil) values (2, 15);
insert into PupilMark (id_mark, id_pupil) values (4, 80);
insert into PupilMark (id_mark, id_pupil) values (4, 93);
insert into PupilMark (id_mark, id_pupil) values (2, 77);
insert into PupilMark (id_mark, id_pupil) values (3, 49);
insert into PupilMark (id_mark, id_pupil) values (1, 73);
insert into PupilMark (id_mark, id_pupil) values (1, 80);
insert into PupilMark (id_mark, id_pupil) values (2, 59);
insert into PupilMark (id_mark, id_pupil) values (2, 91);
insert into PupilMark (id_mark, id_pupil) values (2, 44);
insert into PupilMark (id_mark, id_pupil) values (1, 32);
insert into PupilMark (id_mark, id_pupil) values (3, 55);
insert into PupilMark (id_mark, id_pupil) values (1, 59);
insert into PupilMark (id_mark, id_pupil) values (1, 97);
insert into PupilMark (id_mark, id_pupil) values (3, 40);
insert into PupilMark (id_mark, id_pupil) values (3, 64);
insert into PupilMark (id_mark, id_pupil) values (1, 52);
insert into PupilMark (id_mark, id_pupil) values (4, 58);
insert into PupilMark (id_mark, id_pupil) values (2, 38);
insert into PupilMark (id_mark, id_pupil) values (3, 99);
insert into PupilMark (id_mark, id_pupil) values (3, 39);
insert into PupilMark (id_mark, id_pupil) values (4, 89);
insert into PupilMark (id_mark, id_pupil) values (2, 19);
insert into PupilMark (id_mark, id_pupil) values (4, 2);
insert into PupilMark (id_mark, id_pupil) values (2, 20);
insert into PupilMark (id_mark, id_pupil) values (1, 60);
insert into PupilMark (id_mark, id_pupil) values (1, 66);
insert into PupilMark (id_mark, id_pupil) values (4, 56);
insert into PupilMark (id_mark, id_pupil) values (2, 69);
insert into PupilMark (id_mark, id_pupil) values (2, 1);
insert into PupilMark (id_mark, id_pupil) values (2, 69);
insert into PupilMark (id_mark, id_pupil) values (4, 80);
insert into PupilMark (id_mark, id_pupil) values (1, 80);
insert into PupilMark (id_mark, id_pupil) values (3, 67);
insert into PupilMark (id_mark, id_pupil) values (2, 95);
insert into PupilMark (id_mark, id_pupil) values (1, 83);
insert into PupilMark (id_mark, id_pupil) values (3, 59);
insert into PupilMark (id_mark, id_pupil) values (2, 33);
insert into PupilMark (id_mark, id_pupil) values (3, 20);
insert into PupilMark (id_mark, id_pupil) values (4, 52);
insert into PupilMark (id_mark, id_pupil) values (1, 81);
insert into PupilMark (id_mark, id_pupil) values (3, 91);
insert into PupilMark (id_mark, id_pupil) values (1, 87);
insert into PupilMark (id_mark, id_pupil) values (3, 79);
insert into PupilMark (id_mark, id_pupil) values (3, 25);
insert into PupilMark (id_mark, id_pupil) values (1, 71);


PRINT '-------------------------------------------'
PRINT ' Данные в PlumbusDB были успешно вставлены'
PRINT '-------------------------------------------'